{
  "ReRoutes": [
    {
      "DownstreamPathTemplate": "/api/v1.0/market/company/register",
      "DownstreamScheme": "https",
      "DownstreamHostAndPorts": [
        {
          "Host": "localhost",
          "Port": 44369
        }
      ],
      "UpstreamPathTemplate": "/gateway/market/company/register",
      "UpstreamHttpMethod": [ "POST" ]
    },
    {
      "DownstreamPathTemplate": "/api/v1.0/market/company/getall",
      "DownstreamScheme": "https",
      "DownstreamHostAndPorts": [
        {
          "Host": "localhost",
          "Port": 44369
        }
      ],
      "UpstreamPathTemplate": "/gateway/market/company/getall",
      "UpstreamHttpMethod": [ "GET" ]
    },
    {
      "DownstreamPathTemplate": "/api/v1.0/market/company/info/{companyCode}",
      "DownstreamScheme": "https",
      "DownstreamHostAndPorts": [
        {
          "Host": "localhost",
          "Port": 44369
        }
      ],
      "UpstreamPathTemplate": "/gateway/market/company/info/{companyCode}",
      "UpstreamHttpMethod": [ "GET" ]
    },
    {
      "DownstreamPathTemplate": "/api/v1.0/market/company/delete/{companyCode}",
      "DownstreamScheme": "https",
      "DownstreamHostAndPorts": [
        {
          "Host": "localhost",
          "Port": 44369
        }
      ],
      "UpstreamPathTemplate": "/gateway/market/company/delete/{companyCode}",
      "UpstreamHttpMethod": [ "DELETE" ]
    },
    {
      "DownstreamPathTemplate": "/api/v1.0/market/stock/add",
      "DownstreamScheme": "https",
      "DownstreamHostAndPorts": [
        {
          "Host": "localhost",
          "Port": 44389
        }
      ],
      "UpstreamPathTemplate": "/gateway/market/stock/add",
      "UpstreamHttpMethod": [ "POST" ]
    },
    {
      "DownstreamPathTemplate": "/api/v1.0/market/stock/get/{companyCode}/{startDate}/{endDate}",
      "DownstreamScheme": "https",
      "DownstreamHostAndPorts": [
        {
          "Host": "localhost",
          "Port": 44389
        }
      ],
      "UpstreamPathTemplate": "/gateway/market/stock/get/{companyCode}/{startDate}/{endDate}",
      "UpstreamHttpMethod": [ "GET" ]
    },
    {
      "DownstreamPathTemplate": "/api/v1.0/market/stock/info/{companyCode}",
      "DownstreamScheme": "https",
      "DownstreamHostAndPorts": [
        {
          "Host": "localhost",
          "Port": 44389
        }
      ],
      "UpstreamPathTemplate": "/gateway/market/stock/info/{companyCode}",
      "UpstreamHttpMethod": [ "GET" ]
    },
    {
      "DownstreamPathTemplate": "/api/v1.0/market/stock/delete/{companyCode}",
      "DownstreamScheme": "https",
      "DownstreamHostAndPorts": [
        {
          "Host": "localhost",
          "Port": 44389
        }
      ],
      "UpstreamPathTemplate": "/gateway/market/stock/delete/{companyCode}",
      "UpstreamHttpMethod": [ "DELETE" ]
    }
  ],
  "GlobalConfiguration": {
    "BaseUrl": "https://localhost:44321"
  }

}  